"Nome do Serviço","Categoria","Descrição"
"AWS A2I (Amazon Augmented AI)","Machine Learning","Serviço de revisão humana para predições de machine learning. Combina automação com supervisão humana para garantir alta precisão em tarefas como validação de dados."
"AWS Activate","Suporte ao Desenvolvedor","Programa de suporte para startups usando AWS. Oferece créditos, recursos técnicos e mentoria para empresas iniciantes."
"AWS Amplify","Ferramentas de Desenvolvedor","Plataforma para desenvolvimento full-stack de apps web e mobile. Inclui ferramentas para construção, deploy automático com CI/CD e integração com frameworks como React e Angular."
"AWS Amplify Studio","Ferramentas de Desenvolvedor","Interface visual para criar UIs com AWS Amplify. Oferece desenvolvimento low-code com geração automática de componentes React."
"AWS App Mesh","Rede e Entrega de Conteúdo","Service mesh para monitorar e controlar comunicação entre microserviços. Fornece observabilidade avançada e gerenciamento de tráfego."
"AWS App Runner","Computação","Serviço de deploy containerizado serverless para aplicações web. Oferece escalabilidade automática sem necessidade de gerenciar infraestrutura."
"AWS App2Container","Migração e Transferência","Ferramenta para containerização de aplicações .NET e Java legadas. Automatiza a migração para containers Docker."
"AWS AppConfig","Gerenciamento e Governança","Serviço de gerenciamento de configurações em produção. Permite deploys seguros com rollback automático em caso de falhas."
"AWS AppFabric","Segurança e Identidade","Solução de conectividade e segurança para aplicações SaaS. Normaliza dados de segurança entre diferentes plataformas."
"AWS Application Composer","Ferramentas de Desenvolvedor","Designer visual para arquiteturas serverless. Simplifica a criação de aplicações com interface drag-and-drop."
"AWS Application Discovery Service","Migração e Transferência","Serviço de descoberta automática de aplicações on-premises. Mapeia dependências e cria inventários para migração."
"AWS Application Migration Service","Migração e Transferência","Serviço de migração lift-and-shift para a AWS. Usa replicação contínua para minimizar o tempo de inatividade."
"AWS AppSync","Integração de Aplicações","Serviço de APIs GraphQL gerenciadas com sincronização offline. Suporta real-time e colaboração em apps mobile e web."
"AWS Artifact","Conformidade","Portal de documentos de conformidade e acordos AWS. Disponibiliza relatórios de auditoria e certificações sob demanda."
"AWS Audit Manager","Conformidade","Serviço de automação de auditorias de conformidade. Gera evidências contínuas para frameworks regulatórios."
"AWS Auto Scaling","Computação","Serviço de escalabilidade automática para recursos AWS. Otimiza performance e custos com ajustes dinâmicos."
"AWS Backup","Armazenamento","Serviço de backup centralizado para AWS. Oferece políticas automáticas e recuperação point-in-time."
"AWS Bedrock","Machine Learning","Plataforma de modelos de IA generativa via API. Fornece foundation models para texto, imagem e código."
"AWS Billing and Cost Management","Gerenciamento de Custos","Ferramenta de monitoramento e controle de gastos na AWS. Inclui análise detalhada e alertas personalizados."
"AWS BugBust","Ferramentas de Desenvolvedor","Programa para correção coletiva de bugs em código. Usa competição gamificada para melhorar a qualidade do software."
"AWS Certificate Manager","Segurança e Identidade","Serviço de provisionamento e gerenciamento de certificados SSL/TLS. Oferece renovação automática e integração nativa."
"AWS Chatbot","Gerenciamento e Governança","Integração de notificações AWS com plataformas de chat. Permite monitoramento e comandos via Slack ou Microsoft Teams."
"AWS Cloud Control API","Gerenciamento e Governança","API unificada para gerenciar recursos na nuvem. Oferece controle consistente em ambientes multi-cloud."
"AWS Cloud Map","Rede e Entrega de Conteúdo","Serviço de descoberta para aplicações na nuvem. Mantém um registro dinâmico de recursos com verificação de saúde."
"AWS Cloud9","Ferramentas de Desenvolvedor","IDE baseada em nuvem para desenvolvimento colaborativo. Inclui editor de código e terminal integrado."
"AWS CloudFormation","Gerenciamento e Governança","Serviço de infraestrutura como código com templates JSON/YAML. Automatiza provisionamento e versionamento de recursos."
"AWS CloudHSM","Segurança e Identidade","Módulo de segurança de hardware dedicado na nuvem. Gera e armazena chaves criptográficas com segurança."
"AWS CloudShell","Ferramentas de Desenvolvedor","Terminal baseado em navegador com CLI AWS pré-instalada. Oferece acesso direto aos serviços sem configuração."
"AWS CloudTrail","Gerenciamento e Governança","Serviço de auditoria e log de ações na conta AWS. Garante rastreamento completo para segurança e conformidade."
"AWS CloudWatch","Monitoramento","Serviço de monitoramento de recursos e aplicações AWS. Fornece métricas, logs, alertas e dashboards personalizados."
"AWS CodeArtifact","Ferramentas de Desenvolvedor","Repositório de artefatos para pacotes de software. Gerencia dependências de código de forma segura."
"AWS CodeBuild","Ferramentas de Desenvolvedor","Serviço gerenciado de build e teste de código. Oferece compilação escalável em múltiplos ambientes."
"AWS CodeCommit","Ferramentas de Desenvolvedor","Repositórios Git privados hospedados na AWS. Fornece controle de versão seguro e escalável."
"AWS CodeDeploy","Ferramentas de Desenvolvedor","Serviço de automação de deploy para EC2, Lambda e on-premises. Suporta blue/green deployments com rollback."
"AWS CodeGuru","Ferramentas de Desenvolvedor","Ferramenta de revisão automatizada de código com ML. Oferece recomendações de performance e detecção de bugs."
"AWS CodePipeline","Ferramentas de Desenvolvedor","Pipeline de CI/CD para entrega contínua. Orquestra build, teste e deploy de forma automatizada."
"AWS CodeStar","Ferramentas de Desenvolvedor","Templates para desenvolvimento rápido de aplicações. Configura pipelines DevOps automaticamente."
"AWS CodeWhisperer","Machine Learning","Assistente de código baseado em IA generativa. Fornece sugestões inteligentes durante o desenvolvimento."
"AWS Comprehend","Machine Learning","Serviço de processamento de linguagem natural (NLP). Realiza análise de sentimentos e extração de entidades."
"AWS Compute Optimizer","Gerenciamento de Custos","Ferramenta de recomendações para otimização de recursos computacionais. Analisa utilização para reduzir custos."
"AWS Config","Gerenciamento e Governança","Serviço de avaliação de configurações e conformidade. Oferece auditoria contínua e remediação automática."
"AWS Connect","Centro de Atendimento","Contact center omnichannel baseado em nuvem. Inclui roteamento inteligente e analytics de atendimento."
"AWS Control Tower","Gerenciamento e Governança","Serviço de setup automatizado de landing zones multi-conta. Garante governança e compliance organizacional."
"AWS Cost and Usage Report","Gerenciamento de Custos","Relatórios detalhados de custos e uso da AWS. Fornece análise granular para otimização financeira."
"AWS Cost Anomaly Detection","Gerenciamento de Custos","Detecção automática de gastos anômalos com ML. Emite alertas proativos para controle de custos."
"AWS Cost Explorer","Gerenciamento de Custos","Ferramenta de visualização e análise de custos AWS. Oferece dashboards interativos e previsões de gastos."
"AWS Data Exchange","Analytics","Marketplace para datasets de terceiros. Facilita acesso a dados externos para analytics."
"AWS Data Pipeline","Analytics","Serviço de orquestração de workflows de dados. Automatiza ETL entre AWS e on-premises."
"AWS DataSync","Migração e Transferência","Serviço de transferência de dados entre on-premises e AWS. Oferece sincronização automática e incremental."
"AWS Device Farm","Ferramentas de Desenvolvedor","Serviço de teste de aplicações mobile em dispositivos reais. Valida em múltiplos dispositivos e versões."
"AWS Direct Connect","Rede e Entrega de Conteúdo","Conexão de rede dedicada entre datacenter e AWS. Garante largura de banda consistente e baixa latência."
"AWS Directory Service","Segurança e Identidade","Active Directory gerenciado na nuvem. Integra-se com identidades corporativas existentes."
"AWS DMS (Database Migration Service)","Migração e Transferência","Serviço de migração de bancos de dados com downtime mínimo. Suporta múltiplas engines e plataformas."
"AWS DocumentDB","Banco de Dados","Banco NoSQL compatível com MongoDB. Oferece performance e escalabilidade para dados documentais."
"AWS DynamoDB","Banco de Dados","Banco NoSQL serverless com latência single-digit. Garante performance consistente em qualquer escala."
"AWS EBS (Elastic Block Store)","Armazenamento","Volumes de blocos persistentes para EC2. Fornece alta performance e durabilidade para dados críticos."
"AWS EC2 (Elastic Compute Cloud)","Computação","Servidores virtuais escaláveis na nuvem. Oferece compute sob demanda com diversos tipos de instância."
"AWS EC2 Auto Scaling","Computação","Escalabilidade automática para instâncias EC2. Ajusta dinamicamente com base em demanda e métricas."
"AWS EC2 Image Builder","Computação","Serviço de automação de criação de AMIs. Cria pipelines para imagens personalizadas e atualizadas."
"AWS ECS (Elastic Container Service)","Computação","Orquestração de containers Docker gerenciada. Oferece execução escalável sem gerenciar infraestrutura."
"AWS EFS (Elastic File System)","Armazenamento","Sistema de arquivos NFS elástico para EC2. Permite compartilhamento concorrente com escalabilidade."
"AWS EKS (Elastic Kubernetes Service)","Computação","Kubernetes gerenciado pela AWS. Orquestra containers com padrão open source."
"AWS Elastic Beanstalk","Computação","Plataforma PaaS para deploy rápido de aplicações. Abstrai infraestrutura, mas permite controle total. (Nota: Não recomendado para novos projetos; considere AWS App Runner.)"
"AWS Elastic Load Balancing","Rede e Entrega de Conteúdo","Distribuição automática de tráfego entre recursos. Garante alta disponibilidade e tolerância a falhas."
"AWS Elastic Transcoder","Mídia","Serviço de transcodificação de mídia na nuvem. Converte arquivos para múltiplos formatos de forma escalável."
"AWS ElastiCache","Banco de Dados","Cache in-memory com Redis ou Memcached. Acelera aplicações com latência em microsegundos."
"AWS EMR (Elastic MapReduce)","Analytics","Cluster gerenciado para big data com Spark e Hadoop. Processa petabytes de dados de forma distribuída."
"AWS EventBridge","Integração de Aplicações","Event bus serverless para arquiteturas orientadas a eventos. Conecta aplicações AWS, SaaS e customizadas."
"AWS Fargate","Computação","Compute serverless para containers. Permite foco na aplicação sem gerenciamento de servidores."
"AWS Fault Injection Simulator","Ferramentas de Desenvolvedor","Serviço de chaos engineering para testar resiliência. Simula falhas controladas em aplicações."
"AWS Firewall Manager","Segurança e Identidade","Gerenciamento central de regras de firewall. Aplica políticas de segurança consistentes multi-conta."
"AWS FSx","Armazenamento","Sistemas de arquivos de alta performance. Otimizado para workloads Windows e computação de alta performance (HPC)."
"AWS GameLift","Desenvolvimento de Jogos","Hospedagem dedicada para jogos multiplayer. Inclui matchmaking e escalabilidade automática."
"AWS Global Accelerator","Rede e Entrega de Conteúdo","Serviço de melhoria de performance para aplicações globais. Usa roteamento inteligente na rede AWS."
"AWS Glue","Analytics","Serviço ETL serverless para preparação de dados. Automatiza descoberta, catalogação e transformação."
"AWS Ground Station","Satélite","Serviço de comunicação com satélites usando antenas AWS. Oferece downlink de dados espaciais sob demanda."
"AWS GuardDuty","Segurança e Identidade","Serviço de detecção de ameaças com machine learning. Monitora continuamente atividades maliciosas."
"AWS Health","Suporte","Dashboard de saúde de serviços e recursos AWS. Emite alertas personalizados sobre eventos críticos."
"AWS Honeycode","Produtividade","Plataforma no-code para criar aplicações de trabalho. Usa interface familiar de planilhas para desenvolvimento."
"AWS IAM (Identity and Access Management)","Segurança e Identidade","Serviço de controle de acesso granular para usuários e recursos. Oferece autenticação e autorização centralizadas."
"AWS IAM Identity Center","Segurança e Identidade","Single sign-on para múltiplas contas AWS. Gerencia identidades corporativas de forma centralizada."
"AWS Inspector","Segurança e Identidade","Serviço de avaliação automática de segurança. Detecta vulnerabilidades em aplicações e configurações."
"AWS IoT 1-Click","Internet das Coisas","Dispositivos IoT simples para triggers de ações. Integra-se facilmente com Lambda e outros serviços."
"AWS IoT Analytics","Internet das Coisas","Serviço de analytics para dados de dispositivos IoT. Processa, limpa e analisa dados de sensores."
"AWS IoT Button","Internet das Coisas","Botão físico programável conectado à internet. Ideal para triggers simples em automação e prototipagem."
"AWS IoT Core","Internet das Coisas","Serviço de conectividade segura para dispositivos IoT. Suporta comunicação bidirecional com MQTT e HTTP."
"AWS IoT Device Defender","Internet das Coisas","Solução de segurança para frotas de dispositivos IoT. Audita comportamento anômalo e emite alertas."
"AWS IoT Device Management","Internet das Coisas","Gerenciamento remoto de frotas IoT. Inclui provisionamento, monitoramento e atualizações OTA."
"AWS IoT Events","Internet das Coisas","Serviço de detecção e resposta a eventos IoT. Monitora padrões e automatiza ações."
"AWS IoT Greengrass","Internet das Coisas","Compute local para dispositivos IoT. Estende a nuvem para edge computing."
"AWS IoT SiteWise","Internet das Coisas","Serviço de coleta e organização de dados industriais IoT. Monitora equipamentos e otimiza operações."
"AWS IoT Things Graph","Internet das Coisas","Orquestração visual de dispositivos e serviços IoT. Cria workflows com interface drag-and-drop."
"AWS IoT TwinMaker","Internet das Coisas","Serviço de criação de digital twins de sistemas físicos. Simula e otimiza operações reais."
"AWS IQ","Suporte","Marketplace para encontrar especialistas AWS certificados. Facilita contratação para projetos específicos."
"AWS Key Management Service","Segurança e Identidade","Serviço de gerenciamento centralizado de chaves criptográficas. Usa HSM para segurança e auditoria."
"AWS Kinesis","Analytics","Serviço de streaming real-time de dados em escala. Processa e analisa dados contínuos massivamente."
"AWS Lake Formation","Analytics","Serviço de configuração simplificada para data lakes. Garante governança e controle de acesso granular."
"AWS Lambda","Computação","Serviço de execução de código serverless orientado a eventos. Cobrado por uso, sem gerenciamento de servidores."
"AWS Launch Wizard","Gerenciamento e Governança","Ferramenta de deploy guiado para aplicações empresariais. Configura automaticamente seguindo boas práticas."
"AWS License Manager","Gerenciamento e Governança","Serviço de gerenciamento de licenças de software. Controla compliance e otimiza custos."
"AWS Lightsail","Computação","VPS simplificado com preço fixo mensal. Ideal para projetos pequenos e iniciantes."
"AWS Local Zones","Computação","Extensão de Availability Zones para baixa latência. Suporta aplicações críticas próximas aos usuários."
"AWS Macie","Segurança e Identidade","Serviço de descoberta e proteção de dados sensíveis com ML. Classifica e previne vazamentos automaticamente."
"AWS Managed Services","Gerenciamento e Governança","Operação gerenciada de infraestrutura AWS. Inclui monitoramento, patches e otimização."
"AWS Management Console","Gerenciamento e Governança","Interface web para gerenciar serviços AWS. Oferece dashboard centralizado e intuitivo."
"AWS Marketplace","Terceiros","Loja de software terceirizado para AWS. Disponibiliza soluções pré-configuradas e licenciadas."
"AWS MediaConnect","Mídia","Serviço de transporte seguro de vídeo ao vivo. Garante qualidade broadcast para streaming."
"AWS MediaConvert","Mídia","Serviço de transcodificação de vídeo baseada em arquivo. Processa em lote para múltiplos formatos."
"AWS MediaLive","Mídia","Serviço de codificação de vídeo ao vivo para broadcast. Garante streams profissionais para múltiplas plataformas."
"AWS MediaPackage","Mídia","Serviço de empacotamento e proteção de vídeo. Otimiza entrega para diferentes dispositivos."
"AWS MediaStore","Mídia","Armazenamento otimizado para mídia e entrega. Oferece performance consistente para vídeos."
"AWS MediaTailor","Mídia","Serviço de personalização e monetização de vídeo. Inclui server-side ad insertion e analytics."
"AWS Migration Hub","Migração e Transferência","Ferramenta de rastreamento centralizado de migrações AWS. Fornece dashboard unificado de progresso."
"AWS Mobile SDK","Ferramentas de Desenvolvedor","SDKs para desenvolvimento de aplicações mobile. Integra nativamente com serviços AWS."
"AWS Network Firewall","Segurança e Identidade","Firewall gerenciado para VPCs. Protege redes com inspeção avançada de tráfego."
"AWS Network Manager","Rede e Entrega de Conteúdo","Gerenciamento central de redes globais. Monitora e otimiza conectividade."
"AWS Nitro Enclaves","Segurança e Identidade","Ambiente isolado para processamento de dados sensíveis. Suporta computação confidencial com attestation."
"AWS Outposts","Híbrido","Infraestrutura AWS on-premises totalmente gerenciada. Oferece experiência consistente entre nuvem e datacenter."
"AWS Outposts Rack","Híbrido","Serviço gerenciado que estende racks completos da AWS a datacenters locais. Garante integração perfeita com serviços AWS em ambientes on-premises. (Novo em 2025)"
"AWS Panorama","Machine Learning","Solução de computer vision no edge para análise de vídeo. Processa localmente com modelos ML customizados."
"AWS ParallelCluster","Computação","Serviço de clusters HPC na nuvem. Automatiza configuração para cargas computacionais intensivas."
"AWS Personal Health Dashboard","Suporte","Visão personalizada da saúde dos recursos AWS. Oferece alertas e recomendações específicas."
"AWS Pinpoint","Marketing","Serviço de engajamento multicanal com clientes. Suporta campanhas via email, SMS e push."
"AWS Polly","Machine Learning","Serviço de síntese de voz natural com deep learning. Gera text-to-speech em múltiplos idiomas."
"AWS Private 5G","Rede e Entrega de Conteúdo","Rede 5G privada para empresas. Oferece conectividade dedicada para IoT e aplicações críticas."
"AWS Proton","Ferramentas de Desenvolvedor","Gerenciamento de templates de infraestrutura para desenvolvedores. Combina self-service com governança."
"AWS Quantum Ledger Database (QLDB)","Banco de Dados","Ledger database gerenciado com integração quântica. Fornece um log de transações transparente, imutável e criptograficamente verificável. (Novo em 2025)"
"AWS QuickSight","Analytics","Serviço de business intelligence com ML integrado. Cria dashboards interativos e insights automáticos."
"AWS RDS (Relational Database Service)","Banco de Dados","Bancos relacionais gerenciados com backup automático. Suporta MySQL, PostgreSQL, Oracle e SQL Server."
"AWS Redshift","Analytics","Data warehouse petabyte-scale para analytics. Otimiza consultas complexas com alta performance."
"AWS Rekognition","Machine Learning","Serviço de análise de imagens e vídeos com deep learning. Detecta objetos, rostos e texto."
"AWS Resource Access Manager","Gerenciamento e Governança","Serviço de compartilhamento seguro de recursos entre contas. Oferece colaboração com controle granular."
"AWS Resource Groups","Gerenciamento e Governança","Organização de recursos por tags. Permite operações em lote e automação por grupos."
"AWS RoboMaker","Robótica","Serviço de desenvolvimento e simulação de aplicações robóticas. Suporta ROS e simulação realística."
"AWS Route 53","Rede e Entrega de Conteúdo","DNS altamente disponível e escalável. Inclui roteamento inteligente e health checks."
"AWS S3 (Simple Storage Service)","Armazenamento","Armazenamento de objetos com 99.999999999% de durabilidade. Base para backup, analytics e distribuição."
"AWS S3 Glacier","Armazenamento","Arquivamento de longo prazo com custo baixo. Oferece recuperação flexível para dados raramente acessados."
"AWS SageMaker","Machine Learning","Plataforma end-to-end para machine learning. Suporta build, train e deploy de modelos em escala."
"AWS Savings Plans","Gerenciamento de Custos","Modelo de preço com desconto para uso consistente. Flexível entre instâncias e regiões."
"AWS Secrets Manager","Segurança e Identidade","Serviço de rotação automática de credenciais. Garante acesso seguro a senhas e tokens."
"AWS Security Hub","Segurança e Identidade","Dashboard centralizado de segurança multi-serviços. Agrega findings e pontua compliance."
"AWS Service Catalog","Gerenciamento e Governança","Catálogo de produtos aprovados para auto-serviço. Combina governança com flexibilidade."
"AWS Service Quotas","Gerenciamento e Governança","Ferramenta de visualização e gerenciamento de cotas. Permite monitoramento e solicitação de aumentos."
"AWS SES (Simple Email Service)","Comunicação","Serviço de envio de email transacional e marketing. Garante alta entregabilidade com analytics."
"AWS Shield","Segurança e Identidade","Proteção DDoS gerenciada para aplicações AWS. Mitiga ataques automaticamente."
"AWS Snowball","Migração e Transferência","Dispositivo físico para transferência de dados offline. Migra petabytes sem usar a internet."
"AWS Snowcone","Migração e Transferência","Dispositivo edge portátil para coleta e transferência. Oferece computing e storage em ambientes extremos."
"AWS Snowmobile","Migração e Transferência","Caminhão especializado para transferência de exabytes. Ideal para migração de datacenters inteiros."
"AWS SNS (Simple Notification Service)","Integração de Aplicações","Serviço de pub/sub messaging para aplicações. Entrega mensagens a múltiplos endpoints."
"AWS SQS (Simple Queue Service)","Integração de Aplicações","Filas de mensagens totalmente gerenciadas. Desacopla componentes distribuídos com resiliência."
"AWS Step Functions","Integração de Aplicações","Orquestração de workflows com máquinas de estado. Coordena serviços distribuídos visualmente."
"AWS Storage Gateway","Híbrido","Conectividade híbrida entre on-premises e cloud storage. Integra protocolos existentes com S3."
"AWS Support","Suporte","Planos de suporte técnico diferenciados. Inclui desde suporte básico até enterprise com TAM."
"AWS Systems Manager","Gerenciamento e Governança","Gerenciamento operacional unificado de recursos. Automatiza patches, compliance e monitoramento."
"AWS Textract","Machine Learning","Serviço de extração inteligente de texto e dados. Usa OCR avançado para formulários e tabelas."
"AWS Timestream","Banco de Dados","Banco de séries temporais otimizado. Ideal para IoT e métricas operacionais."
"AWS Tools for PowerShell","Ferramentas de Desenvolvedor","Cmdlets PowerShell para automação AWS. Integra nativamente com ambientes Windows."
"AWS Transit Gateway","Rede e Entrega de Conteúdo","Hub de conectividade para VPCs e redes on-premises. Simplifica topologias de rede complexas."
"AWS Transcribe","Machine Learning","Serviço de conversão automática de fala em texto. Suporta múltiplos idiomas com alta precisão."
"AWS Transfer Family","Migração e Transferência","Protocolos gerenciados (SFTP, FTPS, FTP) para transferência. Migra workflows para S3."
"AWS Translate","Machine Learning","Serviço de tradução de texto com redes neurais. Oferece qualidade profissional em mais de 75 idiomas."
"AWS Trusted Advisor","Otimização","Ferramenta de recomendações automatizadas para AWS. Analisa custos, performance e segurança."
"AWS VPC (Virtual Private Cloud)","Rede e Entrega de Conteúdo","Rede virtual isolada com controle total. Inclui subnets, routing e gateways customizáveis."
"AWS VPN","Rede e Entrega de Conteúdo","Conectividade VPN segura entre AWS e redes externas. Suporta site-to-site e client VPN."
"AWS WAF (Web Application Firewall)","Segurança e Identidade","Proteção de aplicações web contra exploits. Filtra requisições HTTP/HTTPS customizáveis."
"AWS Wavelength","Computação","Compute AWS integrado em redes 5G. Oferece ultra-baixa latência para aplicações mobile."
"AWS Well-Architected Tool","Gerenciamento e Governança","Ferramenta de revisão de arquiteturas baseada em boas práticas. Fornece assessments e recomendações."
"AWS WorkDocs","Produtividade","Serviço de colaboração e compartilhamento seguro de documentos. Inclui sincronização e controle de versão."
"AWS WorkLink","Usuário Final","Acesso seguro a sites internos via mobile. Navegação corporativa sem VPN."
"AWS WorkMail","Comunicação","Serviço de email e calendário empresarial gerenciado. Integra-se com Outlook e protocolos padrão."
"AWS WorkSpaces","Usuário Final","Desktops virtuais (VDI) na nuvem. Oferece ambientes persistentes acessíveis de qualquer lugar."
"AWS WorkSpaces Web","Usuário Final","Navegação web segura via browser isolado. Acesso a aplicações web sem downloads locais."
"AWS X-Ray","Ferramentas de Desenvolvedor","Serviço de análise distribuída de performance. Traça requests em microserviços complexos."
"Amazon API Gateway","Rede e Entrega de Conteúdo","Serviço de criação e gerenciamento de APIs. Suporta RESTful e WebSocket com throttling e analytics."
"Amazon AppFlow","Integração de Aplicações","Serviço de integração de dados entre SaaS e AWS. Usa conectores pré-construídos com transformações."
"Amazon AppStream 2.0","Computação","Streaming de aplicações desktop para dispositivos. Oferece acesso remoto sem instalação local."
"Amazon Athena","Analytics","Serviço de consultas SQL interativas em dados do S3. Serverless com cobrança por query."
"Amazon Aurora","Banco de Dados","Banco relacional com performance superior. Compatível com MySQL e PostgreSQL, com backup contínuo."
"Amazon Braket","Computação Quântica","Acesso a computadores quânticos e simuladores. Suporta desenvolvimento de algoritmos híbridos."
"Amazon Chime","Comunicação","Plataforma de comunicação unificada com vídeo e mensagens. Integra-se com calendários existentes."
"Amazon Cloud Directory","Segurança e Identidade","Diretório nativo da nuvem para hierarquias múltiplas. Oferece esquemas flexíveis para aplicações."
"Amazon CloudFront","Rede e Entrega de Conteúdo","CDN global para entrega de conteúdo com baixa latência. Inclui cache inteligente e proteção DDoS."
"Amazon CloudSearch","Busca","Serviço de busca gerenciada com relevância customizável. Oferece indexação automática e faceted search."
"Amazon Cognito","Segurança e Identidade","Serviço de autenticação e gerenciamento de usuários. Suporta social logins e federação de identidades."
"Amazon Comprehend Medical","Machine Learning","NLP especializado para textos médicos. Extrai entidades clínicas e protege dados sensíveis."
"Amazon Connect Customer Profiles","Centro de Atendimento","Perfis unificados de clientes para contact centers. Oferece visão 360 graus com histórico consolidado."
"Amazon Detective","Segurança e Identidade","Serviço de investigação de segurança com análise gráfica. Visualiza relações entre recursos e atividades."
"Amazon DevOps Guru","Machine Learning","Insights operacionais com ML para anomalias. Fornece recomendações proativas para confiabilidade."
"Amazon Elastic Container Registry","Ferramentas de Desenvolvedor","Registro privado de imagens Docker gerenciado. Integra-se nativamente com ECS e EKS."
"Amazon FinSpace","Analytics","Plataforma de dados para serviços financeiros. Prepara e analisa dados regulamentados."
"Amazon Forecast","Machine Learning","Serviço de previsões precisas com ML. Ideal para time-series forecasting em planejamento."
"Amazon Fraud Detector","Machine Learning","Detecção de fraudes online com ML. Oferece modelos pré-treinados para e-commerce."
"Amazon HealthLake","Saúde","Serviço de armazenamento e análise de dados de saúde. Compatível com FHIR e integrado com ML."
"Amazon Kendra","Machine Learning","Busca empresarial inteligente com NLP. Compreende documentos e responde perguntas contextuais."
"Amazon Keyspaces","Banco de Dados","Apache Cassandra gerenciado com alta disponibilidade. Ideal para aplicações NoSQL escaláveis."
"Amazon Kinesis Data Analytics","Analytics","Análise de streams em tempo real com SQL. Integra Apache Flink para baixa latência."
"Amazon Kinesis Data Firehose","Analytics","Entrega de streaming data para destinos AWS. Transforma e comprime dados automaticamente."
"Amazon Kinesis Data Streams","Analytics","Captura de dados em tempo real para processamento. Oferece ingestão escalável para streaming."
"Amazon Kinesis Video Streams","Mídia","Streaming seguro de vídeo para analytics e playback. Ingestão de câmeras e dispositivos IoT."
"Amazon Lex","Machine Learning","Serviço de construção de interfaces conversacionais. Cria chatbots com voz e texto usando NLU."
"Amazon Location Service","Geoespacial","Serviço de mapas, geolocalização e routing. Fornece dados de localização sem terceiros."
"Amazon Lookout for Equipment","Machine Learning","Detecção de anomalias em equipamentos com sensores. Suporta manutenção preditiva com ML."
"Amazon Lookout for Metrics","Machine Learning","Detecção automática de anomalias em métricas. Monitora KPIs críticos com inteligência."
"Amazon Lookout for Vision","Machine Learning","Detecção de defeitos em produtos com computer vision. Automatiza controle de qualidade."
"Amazon Lumberyard","Desenvolvimento de Jogos","Engine gratuita para jogos AAA. Integra serviços AWS para funcionalidades multiplayer."
"Amazon Machine Learning","Machine Learning","Plataforma simplificada para criar modelos ML. Oferece interface visual para iniciantes."
"Amazon Managed Blockchain","Blockchain","Redes blockchain gerenciadas com Hyperledger Fabric. Suporta aplicações descentralizadas."
"Amazon Managed Grafana","Monitoramento","Serviço gerenciado para Grafana, ferramenta de analytics e monitoramento. Oferece dashboards para métricas e logs. (Novo em 2025)"
"Amazon MemoryDB for Redis","Banco de Dados","Banco in-memory durável compatível com Redis. Combina performance e persistência."
"Amazon MQ","Integração de Aplicações","Message brokers gerenciados (ActiveMQ, RabbitMQ). Facilita migração sem mudanças no código."
"Amazon Neptune","Banco de Dados","Banco de grafos para dados altamente conectados. Suporta Apache TinkerPop e SPARQL."
"Amazon OpenSearch Service","Busca","Serviço de busca e analytics baseado em OpenSearch. Sucessor do Elasticsearch Service."
"Amazon Personalize","Machine Learning","Serviço de recomendações personalizadas com ML. Ideal para sistemas de recomendação."
"Amazon QLDB","Banco de Dados","Ledger database imutável e criptograficamente verificável. Mantém histórico completo de mudanças."
"Amazon RDS Proxy","Banco de Dados","Pool de conexões gerenciado para bancos RDS. Melhora escalabilidade e disponibilidade."
"Amazon Redshift Serverless","Analytics","Data warehouse serverless com pay-per-use. Oferece analytics sem gerenciamento de clusters."
"Amazon Route 53 Resolver","Rede e Entrega de Conteúdo","Resolução DNS entre VPCs e redes on-premises. Suporta redes híbridas."
"Amazon S3 Access Points","Armazenamento","Pontos de acesso nomeados para buckets S3. Simplifica políticas de acesso complexas."
"Amazon S3 Batch Operations","Armazenamento","Operações em lote para objetos S3 em escala. Processa bilhões de objetos automaticamente."
"Amazon S3 Multi-Region Access Points","Armazenamento","Acesso global otimizado para dados S3. Roteia automaticamente para a região mais próxima."
"Amazon S3 Object Lambda","Armazenamento","Processamento customizado de objetos em requisições. Transforma dados sem duplicação."
"Amazon S3 on Outposts","Híbrido","API S3 em infraestrutura on-premises. Oferece armazenamento local com experiência S3."
"Amazon SageMaker Canvas","Machine Learning","ML visual sem código para analistas. Usa interface drag-and-drop para criar modelos."
"Amazon SageMaker Studio","Machine Learning","IDE integrado para desenvolvimento de ML. Suporta colaboração com Jupyter notebooks."
"Amazon SimpleDB","Banco de Dados","Banco NoSQL simples para aplicações básicas. Oferece estrutura flexível sem schema fixo."
"Amazon Sumerian","Realidade Virtual/Aumentada","Serviço de criação de experiências VR, AR e 3D. Desenvolve sem expertise em gráficos."
"Amazon Textract","Machine Learning","Extração inteligente de texto de documentos scaneados. Usa OCR com compreensão de layout."
"Amazon Timestream","Banco de Dados","Banco otimizado para séries temporais. Oferece performance para IoT e métricas."
"Amazon Transcribe Medical","Machine Learning","Transcrição especializada para conversas médicas. Converte fala em texto com terminologia clínica."
"Amazon Translate","Machine Learning","Serviço de tradução neural entre 75+ idiomas. Oferece qualidade profissional customizável."
"Amazon VPC Lattice","Rede e Entrega de Conteúdo","Service mesh simplificado para conectividade. Oferece descoberta automática e políticas de acesso."
"Amazon WorkDocs","Produtividade","Serviço de colaboração segura em documentos. Suporta sincronização e controle de versão."
"Amazon WorkMail","Comunicação","Email, calendário e contatos empresariais gerenciados. Compatível com Outlook e padrões."
"Amazon WorkSpaces","Usuário Final","Desktops virtuais Windows e Linux na nuvem. Oferece VDI persistente multiplataforma."